enterpriseID,enterpriseHash,enterpriName
96900000000000,284e1ab0778bf2dcce0dee9354918df0,畅鲟SaaS商超版演示环境
103000000000000,b00ebcd31c8c22b9ad0de07a070ea022,天鲟信息
132000000000000,b64d5577124ec0e2f9908d2f96b042aa,重庆三优供应链管理有限公司
142000000000000,c690d88484ba1a3aec91ce2956513415,海安好家生活超市
144000000000000,d4e0491d7971b999a0144061ec6df026,souhu
144000000000000,feea6b062ac40fe0a274a1a3377fae14,我的商超企业
144000000000000,adca702c5429dc79893c407f99e7db99,畅优科技有限公司
144000000000000,2ae7d03eb606e87f4ff3e78868ec2057,meituan
144000000000000,2005d4f8eec6318258210a9afa8ccea4,golangage
144000000000000,72c2506dec6821003aced0ae7f0ab8a6,python
144000000000000,95143f0e63774c8a6e9923d9c389bac9,如皋市如城镇世纪时代超市
147000000000000,e5dcbd3cbfd701766c830801b3cb7283,漯河市物美廉商贸有限公司
147000000000000,91fed5e58a6e4b9e7d2b328680c6144a,好又多分店1
147000000000000,ed2054f2346674f48c11eed886b8f845,武汉融威
147000000000000,72a82f10efc888d888039503972dfea3,华润连锁
147000000000000,8994e3d12c5e689086a4652e645a92df,好友多又多
148000000000000,37979b9d098b0634ba21fb79ac2fe5c1,甘之若饴
148000000000000,3cfed92ac2ea1737f68a7780971a49c3,乾州1号
148000000000000,62643ccf85e1ed0351b2b8eb5fd56dda,好友多又多56
148000000000000,b753b7fa651457f5bfe70fd29459a91c,乾州001
148000000000000,42b92e4cb1b2422c83c4558706f00fdd,乾州002
148000000000000,a5a8cfc100374740b8963f687060acd0,一生所爱666
148000000000000,2c4fe814ca7ae2d2b1feb0db224efb1a,长沙市岳麓区特美顺君食品商行
148000000000000,036d0c7c470f7d89f83023e4f6f14b4f,三色妆
148000000000000,4eae3f31121e2e48fb3ab8c96565c6b2,盘龙云康
148000000000000,332854dc8f32a0c67fb7b0be5ccf9464,海安泰宁润万家购物中心
148000000000000,36df767b50653a5ad9361b38381f3735,小七科技
148000000000000,943dd043cac4d30891faa92ec49435a7,如皋市润信购物中心
149000000000000,037b448ad2c2d69214565250a1848375,测试智慧新零售
149000000000000,f10eb7fd7d014ad20bea83120628ff49,重庆胡燃电子商务有限责任公司
149000000000000,34dfd0ed7c0a640fed1ef7de01a4779a,广州傲海网络科技有限公司
149000000000000,cea616c906a5f5e8cfbb07edd880d2e6,漯河市物美廉商贸有限公司
149000000000000,134cbfa04e8c52207309df0bb4ecee1e,杰的测试
149000000000000,d9542f79da8617f5677bd6b312e25143,重庆市永立百货超市连锁有限公司
149000000000000,9b173a07b31f43b1fc646f67645b7e1c,大连都市鲜生时尚购物有限公司
149000000000000,62e468afcdf40194738390154db09c4c,zz科技
149000000000000,8e06c4f4571822f580d1e22f48e8b428,重庆市南川区联华百货有限责任公司向阳超市
149000000000000,a58b5b161fe06f9658fc03203407b1fc,湖北威市集商贸有限公司
149000000000000,d6475594c742d74b9061f0f587b7f357,罗罗科技
149000000000000,954589c9f2b7b495a891d137141f20e4,润信购物中心
